dataset,method,image_id,height,width,runtime_s,status
BSDS500,AGWi,100007,321,481,0.649059,OK
BSDS500,AGWi,100039,321,481,0.623689,OK
BSDS500,AGWi,100099,321,481,0.606880,OK
BSDS500,AGWi,10081,321,481,0.624674,OK
BSDS500,AGWi,101027,321,481,0.623734,OK
BSDS500,AGWi,101084,481,321,0.607048,OK
BSDS500,AGWi,102062,321,481,0.624744,OK
BSDS500,AGWi,103006,321,481,0.612252,OK
BSDS500,AGWi,103029,321,481,0.608994,OK
BSDS500,AGWi,103078,321,481,0.611905,OK
BSDS500,AGWi,104010,481,321,0.627062,OK
BSDS500,AGWi,104055,481,321,0.612868,OK
BSDS500,AGWi,105027,321,481,0.640401,OK
BSDS500,AGWi,106005,321,481,0.645330,OK
BSDS500,AGWi,106047,321,481,0.645938,OK
BSDS500,AGWi,107014,321,481,0.608944,OK
BSDS500,AGWi,107045,321,481,0.678223,OK
BSDS500,AGWi,107072,321,481,0.668702,OK
BSDS500,AGWi,108004,321,481,0.701459,OK
BSDS500,AGWi,108036,321,481,0.663916,OK
BSDS500,AGWi,108069,321,481,0.675427,OK
BSDS500,AGWi,109055,321,481,0.648626,OK
BSDS500,AGWi,112056,321,481,0.646383,OK
BSDS500,AGWi,112090,321,481,0.649317,OK
BSDS500,AGWi,117025,481,321,0.639815,OK
BSDS500,AGWi,118015,321,481,0.643837,OK
BSDS500,AGWi,118031,321,481,0.635470,OK
BSDS500,AGWi,118072,321,481,0.639441,OK
BSDS500,AGWi,120003,321,481,0.620855,OK
BSDS500,AGWi,120093,321,481,0.626223,OK
BSDS500,AGWi,123057,321,481,0.632032,OK
BSDS500,AGWi,128035,321,481,0.627333,OK
BSDS500,AGWi,130014,481,321,0.625243,OK
BSDS500,AGWi,130066,321,481,0.640859,OK
BSDS500,AGWi,134049,321,481,0.633239,OK
BSDS500,AGWi,134067,481,321,0.645540,OK
BSDS500,AGWi,140006,481,321,0.646007,OK
BSDS500,AGWi,140088,481,321,0.618172,OK
BSDS500,AGWi,14085,321,481,0.634873,OK
BSDS500,AGWi,14092,321,481,0.615116,OK
BSDS500,AGWi,141012,321,481,0.636280,OK
BSDS500,AGWi,141048,321,481,0.627293,OK
BSDS500,AGWi,145059,321,481,0.639201,OK
BSDS500,AGWi,145079,321,481,0.625721,OK
BSDS500,AGWi,146074,321,481,0.651807,OK
BSDS500,AGWi,147077,481,321,0.639656,OK
BSDS500,AGWi,147080,321,481,0.645257,OK
BSDS500,AGWi,15011,321,481,0.627815,OK
BSDS500,AGWi,15062,321,481,0.635398,OK
BSDS500,AGWi,156054,481,321,0.649080,OK
BSDS500,AGWi,157032,321,481,0.658310,OK
BSDS500,AGWi,157087,321,481,0.659271,OK
BSDS500,AGWi,159002,481,321,0.652397,OK
BSDS500,AGWi,159022,321,481,0.655804,OK
BSDS500,AGWi,160006,321,481,0.630753,OK
BSDS500,AGWi,16004,321,481,0.623999,OK
BSDS500,AGWi,160067,321,481,0.620703,OK
BSDS500,AGWi,16068,321,481,0.641306,OK
BSDS500,AGWi,161045,321,481,0.612814,OK
BSDS500,AGWi,163004,481,321,0.610157,OK
BSDS500,AGWi,163096,481,321,0.615657,OK
BSDS500,AGWi,164046,481,321,0.627704,OK
BSDS500,AGWi,168084,321,481,0.617765,OK
BSDS500,AGWi,17067,481,321,0.663734,OK
BSDS500,AGWi,175083,321,481,0.651779,OK
BSDS500,AGWi,176051,321,481,0.630708,OK
BSDS500,AGWi,179084,321,481,0.632146,OK
BSDS500,AGWi,181021,481,321,0.682790,OK
BSDS500,AGWi,183066,321,481,0.681366,OK
BSDS500,AGWi,185092,321,481,0.640946,OK
BSDS500,AGWi,187058,321,481,0.639899,OK
BSDS500,AGWi,187099,321,481,0.628034,OK
BSDS500,AGWi,188025,321,481,0.661226,OK
BSDS500,AGWi,189006,481,321,0.612237,OK
BSDS500,AGWi,189013,481,321,0.617262,OK
BSDS500,AGWi,189029,481,321,0.640854,OK
BSDS500,AGWi,189096,321,481,0.631920,OK
BSDS500,AGWi,196027,481,321,0.628350,OK
BSDS500,AGWi,196040,481,321,0.628651,OK
BSDS500,AGWi,196062,321,481,0.622641,OK
BSDS500,AGWi,196088,321,481,0.635695,OK
BSDS500,AGWi,198087,481,321,0.608008,OK
BSDS500,AGWi,20069,481,321,0.605737,OK
BSDS500,AGWi,201080,321,481,0.616418,OK
BSDS500,AGWi,2018,481,321,0.618833,OK
BSDS500,AGWi,202000,321,481,0.633066,OK
BSDS500,AGWi,206062,321,481,0.613142,OK
BSDS500,AGWi,206097,321,481,0.614416,OK
BSDS500,AGWi,207038,321,481,0.630630,OK
BSDS500,AGWi,207049,321,481,0.625045,OK
BSDS500,AGWi,208078,321,481,0.643186,OK
BSDS500,AGWi,209021,321,481,0.622500,OK
BSDS500,AGWi,217013,481,321,0.626985,OK
BSDS500,AGWi,217090,321,481,0.651501,OK
BSDS500,AGWi,220003,321,481,0.642263,OK
BSDS500,AGWi,223004,481,321,0.605002,OK
BSDS500,AGWi,223060,321,481,0.672515,OK
BSDS500,AGWi,225022,481,321,0.651840,OK
BSDS500,AGWi,226022,321,481,0.658921,OK
BSDS500,AGWi,226033,321,481,0.638261,OK
BSDS500,AGWi,226043,481,321,0.632585,OK
BSDS500,AGWi,226060,481,321,0.642149,OK
BSDS500,AGWi,228076,321,481,0.606666,OK
BSDS500,AGWi,230063,481,321,0.629709,OK
BSDS500,AGWi,230098,481,321,0.617091,OK
BSDS500,AGWi,23050,481,321,0.635104,OK
BSDS500,AGWi,232076,321,481,0.650975,OK
BSDS500,AGWi,235098,321,481,0.658833,OK
BSDS500,AGWi,238025,481,321,0.609585,OK
BSDS500,AGWi,243095,481,321,0.626616,OK
BSDS500,AGWi,246009,481,321,0.636569,OK
BSDS500,AGWi,247003,321,481,0.644314,OK
BSDS500,AGWi,247012,321,481,0.631123,OK
BSDS500,AGWi,249021,481,321,0.612802,OK
BSDS500,AGWi,250047,481,321,0.630616,OK
BSDS500,AGWi,250087,481,321,0.602080,OK
BSDS500,AGWi,253016,321,481,0.619427,OK
BSDS500,AGWi,253092,481,321,0.621305,OK
BSDS500,AGWi,257098,481,321,0.617117,OK
BSDS500,AGWi,258089,321,481,0.625941,OK
BSDS500,AGWi,259060,481,321,0.615552,OK
BSDS500,AGWi,267036,481,321,0.616407,OK
BSDS500,AGWi,268048,321,481,0.664285,OK
BSDS500,AGWi,268074,481,321,0.710628,OK
BSDS500,AGWi,277053,321,481,0.660939,OK
BSDS500,AGWi,279005,481,321,0.627151,OK
BSDS500,AGWi,28083,321,481,0.629504,OK
BSDS500,AGWi,281017,481,321,0.641827,OK
BSDS500,AGWi,285022,321,481,0.623576,OK
BSDS500,AGWi,288024,321,481,0.681407,OK
BSDS500,AGWi,289011,481,321,0.653019,OK
BSDS500,AGWi,290035,321,481,0.680348,OK
BSDS500,AGWi,29030,321,481,0.659617,OK
BSDS500,AGWi,296028,321,481,0.646614,OK
BSDS500,AGWi,296058,321,481,0.652504,OK
BSDS500,AGWi,302022,481,321,0.623888,OK
BSDS500,AGWi,306051,481,321,0.615361,OK
BSDS500,AGWi,306052,321,481,0.649818,OK
BSDS500,AGWi,3063,321,481,0.635748,OK
BSDS500,AGWi,309040,321,481,0.640446,OK
BSDS500,AGWi,317043,321,481,0.675856,OK
BSDS500,AGWi,326025,321,481,0.611620,OK
BSDS500,AGWi,326085,481,321,0.626182,OK
BSDS500,AGWi,33044,481,321,0.631413,OK
BSDS500,AGWi,334025,481,321,0.618780,OK
BSDS500,AGWi,335088,321,481,0.626359,OK
BSDS500,AGWi,335094,321,481,0.636633,OK
BSDS500,AGWi,344010,321,481,0.625052,OK
BSDS500,AGWi,346016,321,481,0.620626,OK
BSDS500,AGWi,347031,481,321,0.623283,OK
BSDS500,AGWi,35028,321,481,0.632442,OK
BSDS500,AGWi,35049,321,481,0.629188,OK
BSDS500,AGWi,36046,321,481,0.625049,OK
BSDS500,AGWi,365072,481,321,0.641386,OK
BSDS500,AGWi,368037,321,481,0.623145,OK
BSDS500,AGWi,372019,481,321,0.607922,OK
BSDS500,AGWi,376086,321,481,0.618721,OK
BSDS500,AGWi,384022,321,481,0.633057,OK
BSDS500,AGWi,384089,481,321,0.615387,OK
BSDS500,AGWi,385022,321,481,0.622606,OK
BSDS500,AGWi,388006,481,321,0.632636,OK
BSDS500,AGWi,388018,481,321,0.627273,OK
BSDS500,AGWi,388067,481,321,0.650994,OK
BSDS500,AGWi,393035,321,481,0.637542,OK
BSDS500,AGWi,41006,321,481,0.623299,OK
BSDS500,AGWi,41029,321,481,0.616942,OK
BSDS500,AGWi,41085,321,481,0.625333,OK
BSDS500,AGWi,41096,321,481,0.617720,OK
BSDS500,AGWi,43033,321,481,0.633180,OK
BSDS500,AGWi,43051,321,481,0.628107,OK
BSDS500,AGWi,45000,321,481,0.628419,OK
BSDS500,AGWi,48017,321,481,0.631736,OK
BSDS500,AGWi,48025,321,481,0.624242,OK
BSDS500,AGWi,49024,321,481,0.614904,OK
BSDS500,AGWi,5096,321,481,0.613982,OK
BSDS500,AGWi,51084,321,481,0.620913,OK
BSDS500,AGWi,6046,481,321,0.620949,OK
BSDS500,AGWi,61034,481,321,0.619713,OK
BSDS500,AGWi,64061,481,321,0.622079,OK
BSDS500,AGWi,65084,481,321,0.623196,OK
BSDS500,AGWi,69000,321,481,0.622289,OK
BSDS500,AGWi,69007,321,481,0.639290,OK
BSDS500,AGWi,69022,321,481,0.621750,OK
BSDS500,AGWi,70011,321,481,0.624684,OK
BSDS500,AGWi,70090,481,321,0.619003,OK
BSDS500,AGWi,71076,481,321,0.611705,OK
BSDS500,AGWi,71099,321,481,0.627782,OK
BSDS500,AGWi,77062,321,481,0.621040,OK
BSDS500,AGWi,78098,321,481,0.618055,OK
BSDS500,AGWi,79073,321,481,0.649699,OK
BSDS500,AGWi,80085,321,481,0.619911,OK
BSDS500,AGWi,80090,481,321,0.628059,OK
BSDS500,AGWi,8068,321,481,0.630150,OK
BSDS500,AGWi,81066,321,481,0.623922,OK
BSDS500,AGWi,81090,481,321,0.657124,OK
BSDS500,AGWi,81095,321,481,0.614406,OK
BSDS500,AGWi,87015,321,481,0.632271,OK
BSDS500,AGWi,92014,321,481,0.633345,OK
BSDS500,AGWi,94095,321,481,0.640630,OK
BSDS500,AGWi,97010,321,481,0.642759,OK
BSDS500,GWi,100007,321,481,0.029361,OK
BSDS500,GWi,100039,321,481,0.026687,OK
BSDS500,GWi,100099,321,481,0.026389,OK
BSDS500,GWi,10081,321,481,0.024113,OK
BSDS500,GWi,101027,321,481,0.024516,OK
BSDS500,GWi,101084,481,321,0.024405,OK
BSDS500,GWi,102062,321,481,0.026225,OK
BSDS500,GWi,103006,321,481,0.026129,OK
BSDS500,GWi,103029,321,481,0.025480,OK
BSDS500,GWi,103078,321,481,0.027333,OK
BSDS500,GWi,104010,481,321,0.026548,OK
BSDS500,GWi,104055,481,321,0.025317,OK
BSDS500,GWi,105027,321,481,0.023768,OK
BSDS500,GWi,106005,321,481,0.024779,OK
BSDS500,GWi,106047,321,481,0.025899,OK
BSDS500,GWi,107014,321,481,0.023374,OK
BSDS500,GWi,107045,321,481,0.026963,OK
BSDS500,GWi,107072,321,481,0.025149,OK
BSDS500,GWi,108004,321,481,0.026214,OK
BSDS500,GWi,108036,321,481,0.024701,OK
BSDS500,GWi,108069,321,481,0.024123,OK
BSDS500,GWi,109055,321,481,0.024023,OK
BSDS500,GWi,112056,321,481,0.024631,OK
BSDS500,GWi,112090,321,481,0.024988,OK
BSDS500,GWi,117025,481,321,0.026346,OK
BSDS500,GWi,118015,321,481,0.026440,OK
BSDS500,GWi,118031,321,481,0.026457,OK
BSDS500,GWi,118072,321,481,0.026034,OK
BSDS500,GWi,120003,321,481,0.025400,OK
BSDS500,GWi,120093,321,481,0.029346,OK
BSDS500,GWi,123057,321,481,0.024399,OK
BSDS500,GWi,128035,321,481,0.023848,OK
BSDS500,GWi,130014,481,321,0.024685,OK
BSDS500,GWi,130066,321,481,0.024848,OK
BSDS500,GWi,134049,321,481,0.023906,OK
BSDS500,GWi,134067,481,321,0.024068,OK
BSDS500,GWi,140006,481,321,0.024448,OK
BSDS500,GWi,140088,481,321,0.023484,OK
BSDS500,GWi,14085,321,481,0.023450,OK
BSDS500,GWi,14092,321,481,0.023952,OK
BSDS500,GWi,141012,321,481,0.024377,OK
BSDS500,GWi,141048,321,481,0.025342,OK
BSDS500,GWi,145059,321,481,0.026800,OK
BSDS500,GWi,145079,321,481,0.028572,OK
BSDS500,GWi,146074,321,481,0.025206,OK
BSDS500,GWi,147077,481,321,0.024269,OK
BSDS500,GWi,147080,321,481,0.023298,OK
BSDS500,GWi,15011,321,481,0.023488,OK
BSDS500,GWi,15062,321,481,0.024158,OK
BSDS500,GWi,156054,481,321,0.023775,OK
BSDS500,GWi,157032,321,481,0.023569,OK
BSDS500,GWi,157087,321,481,0.025043,OK
BSDS500,GWi,159002,481,321,0.026930,OK
BSDS500,GWi,159022,321,481,0.023870,OK
BSDS500,GWi,160006,321,481,0.024475,OK
BSDS500,GWi,16004,321,481,0.025174,OK
BSDS500,GWi,160067,321,481,0.026855,OK
BSDS500,GWi,16068,321,481,0.026659,OK
BSDS500,GWi,161045,321,481,0.025946,OK
BSDS500,GWi,163004,481,321,0.025359,OK
BSDS500,GWi,163096,481,321,0.024461,OK
BSDS500,GWi,164046,481,321,0.023289,OK
BSDS500,GWi,168084,321,481,0.023113,OK
BSDS500,GWi,17067,481,321,0.023955,OK
BSDS500,GWi,175083,321,481,0.026859,OK
BSDS500,GWi,176051,321,481,0.028090,OK
BSDS500,GWi,179084,321,481,0.026663,OK
BSDS500,GWi,181021,481,321,0.026177,OK
BSDS500,GWi,183066,321,481,0.025545,OK
BSDS500,GWi,185092,321,481,0.026073,OK
BSDS500,GWi,187058,321,481,0.030185,OK
BSDS500,GWi,187099,321,481,0.025406,OK
BSDS500,GWi,188025,321,481,0.029572,OK
BSDS500,GWi,189006,481,321,0.025552,OK
BSDS500,GWi,189013,481,321,0.024626,OK
BSDS500,GWi,189029,481,321,0.023743,OK
BSDS500,GWi,189096,321,481,0.023690,OK
BSDS500,GWi,196027,481,321,0.023297,OK
BSDS500,GWi,196040,481,321,0.024368,OK
BSDS500,GWi,196062,321,481,0.024554,OK
BSDS500,GWi,196088,321,481,0.023952,OK
BSDS500,GWi,198087,481,321,0.024828,OK
BSDS500,GWi,20069,481,321,0.024373,OK
BSDS500,GWi,201080,321,481,0.024156,OK
BSDS500,GWi,2018,481,321,0.025937,OK
BSDS500,GWi,202000,321,481,0.026037,OK
BSDS500,GWi,206062,321,481,0.026325,OK
BSDS500,GWi,206097,321,481,0.027186,OK
BSDS500,GWi,207038,321,481,0.025869,OK
BSDS500,GWi,207049,321,481,0.025829,OK
BSDS500,GWi,208078,321,481,0.025884,OK
BSDS500,GWi,209021,321,481,0.025134,OK
BSDS500,GWi,217013,481,321,0.026975,OK
BSDS500,GWi,217090,321,481,0.028703,OK
BSDS500,GWi,220003,321,481,0.028992,OK
BSDS500,GWi,223004,481,321,0.026617,OK
BSDS500,GWi,223060,321,481,0.025891,OK
BSDS500,GWi,225022,481,321,0.026756,OK
BSDS500,GWi,226022,321,481,0.026917,OK
BSDS500,GWi,226033,321,481,0.026505,OK
BSDS500,GWi,226043,481,321,0.026252,OK
BSDS500,GWi,226060,481,321,0.026225,OK
BSDS500,GWi,228076,321,481,0.026327,OK
BSDS500,GWi,230063,481,321,0.025662,OK
BSDS500,GWi,230098,481,321,0.025264,OK
BSDS500,GWi,23050,481,321,0.025640,OK
BSDS500,GWi,232076,321,481,0.026595,OK
BSDS500,GWi,235098,321,481,0.027077,OK
BSDS500,GWi,238025,481,321,0.026053,OK
BSDS500,GWi,243095,481,321,0.026348,OK
BSDS500,GWi,246009,481,321,0.026079,OK
BSDS500,GWi,247003,321,481,0.025911,OK
BSDS500,GWi,247012,321,481,0.026137,OK
BSDS500,GWi,249021,481,321,0.026807,OK
BSDS500,GWi,250047,481,321,0.026009,OK
BSDS500,GWi,250087,481,321,0.026918,OK
BSDS500,GWi,253016,321,481,0.027072,OK
BSDS500,GWi,253092,481,321,0.025901,OK
BSDS500,GWi,257098,481,321,0.024887,OK
BSDS500,GWi,258089,321,481,0.025952,OK
BSDS500,GWi,259060,481,321,0.026468,OK
BSDS500,GWi,267036,481,321,0.025416,OK
BSDS500,GWi,268048,321,481,0.025516,OK
BSDS500,GWi,268074,481,321,0.024125,OK
BSDS500,GWi,277053,321,481,0.024237,OK
BSDS500,GWi,279005,481,321,0.025341,OK
BSDS500,GWi,28083,321,481,0.024728,OK
BSDS500,GWi,281017,481,321,0.026406,OK
BSDS500,GWi,285022,321,481,0.024489,OK
BSDS500,GWi,288024,321,481,0.023704,OK
BSDS500,GWi,289011,481,321,0.023572,OK
BSDS500,GWi,290035,321,481,0.023632,OK
BSDS500,GWi,29030,321,481,0.023868,OK
BSDS500,GWi,296028,321,481,0.025979,OK
BSDS500,GWi,296058,321,481,0.026130,OK
BSDS500,GWi,302022,481,321,0.025885,OK
BSDS500,GWi,306051,481,321,0.026315,OK
BSDS500,GWi,306052,321,481,0.027183,OK
BSDS500,GWi,3063,321,481,0.025667,OK
BSDS500,GWi,309040,321,481,0.024832,OK
BSDS500,GWi,317043,321,481,0.024089,OK
BSDS500,GWi,326025,321,481,0.026157,OK
BSDS500,GWi,326085,481,321,0.026332,OK
BSDS500,GWi,33044,481,321,0.025695,OK
BSDS500,GWi,334025,481,321,0.025977,OK
BSDS500,GWi,335088,321,481,0.026238,OK
BSDS500,GWi,335094,321,481,0.026636,OK
BSDS500,GWi,344010,321,481,0.026960,OK
BSDS500,GWi,346016,321,481,0.026492,OK
BSDS500,GWi,347031,481,321,0.026775,OK
BSDS500,GWi,35028,321,481,0.027139,OK
BSDS500,GWi,35049,321,481,0.026367,OK
BSDS500,GWi,36046,321,481,0.025530,OK
BSDS500,GWi,365072,481,321,0.024467,OK
BSDS500,GWi,368037,321,481,0.023687,OK
BSDS500,GWi,372019,481,321,0.024711,OK
BSDS500,GWi,376086,321,481,0.023760,OK
BSDS500,GWi,384022,321,481,0.024263,OK
BSDS500,GWi,384089,481,321,0.024823,OK
BSDS500,GWi,385022,321,481,0.024741,OK
BSDS500,GWi,388006,481,321,0.024236,OK
BSDS500,GWi,388018,481,321,0.023180,OK
BSDS500,GWi,388067,481,321,0.026784,OK
BSDS500,GWi,393035,321,481,0.025469,OK
BSDS500,GWi,41006,321,481,0.024922,OK
BSDS500,GWi,41029,321,481,0.025038,OK
BSDS500,GWi,41085,321,481,0.026796,OK
BSDS500,GWi,41096,321,481,0.025431,OK
BSDS500,GWi,43033,321,481,0.024665,OK
BSDS500,GWi,43051,321,481,0.025491,OK
BSDS500,GWi,45000,321,481,0.025306,OK
BSDS500,GWi,48017,321,481,0.025256,OK
BSDS500,GWi,48025,321,481,0.023581,OK
BSDS500,GWi,49024,321,481,0.025946,OK
BSDS500,GWi,5096,321,481,0.026435,OK
BSDS500,GWi,51084,321,481,0.025076,OK
BSDS500,GWi,6046,481,321,0.023815,OK
BSDS500,GWi,61034,481,321,0.025348,OK
BSDS500,GWi,64061,481,321,0.026723,OK
BSDS500,GWi,65084,481,321,0.026290,OK
BSDS500,GWi,69000,321,481,0.030829,OK
BSDS500,GWi,69007,321,481,0.025020,OK
BSDS500,GWi,69022,321,481,0.026089,OK
BSDS500,GWi,70011,321,481,0.023659,OK
BSDS500,GWi,70090,481,321,0.024464,OK
BSDS500,GWi,71076,481,321,0.023982,OK
BSDS500,GWi,71099,321,481,0.025138,OK
BSDS500,GWi,77062,321,481,0.025198,OK
BSDS500,GWi,78098,321,481,0.024666,OK
BSDS500,GWi,79073,321,481,0.025632,OK
BSDS500,GWi,80085,321,481,0.026773,OK
BSDS500,GWi,80090,481,321,0.026266,OK
BSDS500,GWi,8068,321,481,0.026617,OK
BSDS500,GWi,81066,321,481,0.026049,OK
BSDS500,GWi,81090,481,321,0.026875,OK
BSDS500,GWi,81095,321,481,0.026868,OK
BSDS500,GWi,87015,321,481,0.024627,OK
BSDS500,GWi,92014,321,481,0.026721,OK
BSDS500,GWi,94095,321,481,0.027300,OK
BSDS500,GWi,97010,321,481,0.026586,OK
BSDS500,GWC,100007,321,481,0.057215,OK
BSDS500,GWC,100039,321,481,0.057911,OK
BSDS500,GWC,100099,321,481,0.058213,OK
BSDS500,GWC,10081,321,481,0.055640,OK
BSDS500,GWC,101027,321,481,0.056606,OK
BSDS500,GWC,101084,481,321,0.054651,OK
BSDS500,GWC,102062,321,481,0.058163,OK
BSDS500,GWC,103006,321,481,0.052393,OK
BSDS500,GWC,103029,321,481,0.056862,OK
BSDS500,GWC,103078,321,481,0.060050,OK
BSDS500,GWC,104010,481,321,0.057133,OK
BSDS500,GWC,104055,481,321,0.057340,OK
BSDS500,GWC,105027,321,481,0.055666,OK
BSDS500,GWC,106005,321,481,0.056289,OK
BSDS500,GWC,106047,321,481,0.056257,OK
BSDS500,GWC,107014,321,481,0.057858,OK
BSDS500,GWC,107045,321,481,0.056208,OK
BSDS500,GWC,107072,321,481,0.053583,OK
BSDS500,GWC,108004,321,481,0.058405,OK
BSDS500,GWC,108036,321,481,0.058298,OK
BSDS500,GWC,108069,321,481,0.059369,OK
BSDS500,GWC,109055,321,481,0.057952,OK
BSDS500,GWC,112056,321,481,0.057941,OK
BSDS500,GWC,112090,321,481,0.055793,OK
BSDS500,GWC,117025,481,321,0.059101,OK
BSDS500,GWC,118015,321,481,0.059871,OK
BSDS500,GWC,118031,321,481,0.058992,OK
BSDS500,GWC,118072,321,481,0.055371,OK
BSDS500,GWC,120003,321,481,0.053712,OK
BSDS500,GWC,120093,321,481,0.054867,OK
BSDS500,GWC,123057,321,481,0.056724,OK
BSDS500,GWC,128035,321,481,0.055992,OK
BSDS500,GWC,130014,481,321,0.057271,OK
BSDS500,GWC,130066,321,481,0.055219,OK
BSDS500,GWC,134049,321,481,0.057886,OK
BSDS500,GWC,134067,481,321,0.053451,OK
BSDS500,GWC,140006,481,321,0.056479,OK
BSDS500,GWC,140088,481,321,0.055545,OK
BSDS500,GWC,14085,321,481,0.057064,OK
BSDS500,GWC,14092,321,481,0.058221,OK
BSDS500,GWC,141012,321,481,0.054239,OK
BSDS500,GWC,141048,321,481,0.052797,OK
BSDS500,GWC,145059,321,481,0.055150,OK
BSDS500,GWC,145079,321,481,0.053578,OK
BSDS500,GWC,146074,321,481,0.055506,OK
BSDS500,GWC,147077,481,321,0.054921,OK
BSDS500,GWC,147080,321,481,0.053277,OK
BSDS500,GWC,15011,321,481,0.054964,OK
BSDS500,GWC,15062,321,481,0.053668,OK
BSDS500,GWC,156054,481,321,0.055683,OK
BSDS500,GWC,157032,321,481,0.057535,OK
BSDS500,GWC,157087,321,481,0.060917,OK
BSDS500,GWC,159002,481,321,0.057913,OK
BSDS500,GWC,159022,321,481,0.057069,OK
BSDS500,GWC,160006,321,481,0.058373,OK
BSDS500,GWC,16004,321,481,0.056649,OK
BSDS500,GWC,160067,321,481,0.053547,OK
BSDS500,GWC,16068,321,481,0.058702,OK
BSDS500,GWC,161045,321,481,0.052410,OK
BSDS500,GWC,163004,481,321,0.054092,OK
BSDS500,GWC,163096,481,321,0.053967,OK
BSDS500,GWC,164046,481,321,0.052772,OK
BSDS500,GWC,168084,321,481,0.055587,OK
BSDS500,GWC,17067,481,321,0.054198,OK
BSDS500,GWC,175083,321,481,0.057108,OK
BSDS500,GWC,176051,321,481,0.056065,OK
BSDS500,GWC,179084,321,481,0.058598,OK
BSDS500,GWC,181021,481,321,0.059977,OK
BSDS500,GWC,183066,321,481,0.058090,OK
BSDS500,GWC,185092,321,481,0.055219,OK
BSDS500,GWC,187058,321,481,0.054082,OK
BSDS500,GWC,187099,321,481,0.051639,OK
BSDS500,GWC,188025,321,481,0.060008,OK
BSDS500,GWC,189006,481,321,0.058158,OK
BSDS500,GWC,189013,481,321,0.055206,OK
BSDS500,GWC,189029,481,321,0.053413,OK
BSDS500,GWC,189096,321,481,0.061821,OK
BSDS500,GWC,196027,481,321,0.059038,OK
BSDS500,GWC,196040,481,321,0.059721,OK
BSDS500,GWC,196062,321,481,0.053637,OK
BSDS500,GWC,196088,321,481,0.054274,OK
BSDS500,GWC,198087,481,321,0.052164,OK
BSDS500,GWC,20069,481,321,0.052333,OK
BSDS500,GWC,201080,321,481,0.052871,OK
BSDS500,GWC,2018,481,321,0.056496,OK
BSDS500,GWC,202000,321,481,0.053117,OK
BSDS500,GWC,206062,321,481,0.055983,OK
BSDS500,GWC,206097,321,481,0.052435,OK
BSDS500,GWC,207038,321,481,0.051745,OK
BSDS500,GWC,207049,321,481,0.052858,OK
BSDS500,GWC,208078,321,481,0.052154,OK
BSDS500,GWC,209021,321,481,0.053963,OK
BSDS500,GWC,217013,481,321,0.052327,OK
BSDS500,GWC,217090,321,481,0.052638,OK
BSDS500,GWC,220003,321,481,0.059865,OK
BSDS500,GWC,223004,481,321,0.059287,OK
BSDS500,GWC,223060,321,481,0.055703,OK
BSDS500,GWC,225022,481,321,0.053338,OK
BSDS500,GWC,226022,321,481,0.052684,OK
BSDS500,GWC,226033,321,481,0.055259,OK
BSDS500,GWC,226043,481,321,0.057252,OK
BSDS500,GWC,226060,481,321,0.058631,OK
BSDS500,GWC,228076,321,481,0.059223,OK
BSDS500,GWC,230063,481,321,0.052476,OK
BSDS500,GWC,230098,481,321,0.054451,OK
BSDS500,GWC,23050,481,321,0.052627,OK
BSDS500,GWC,232076,321,481,0.052138,OK
BSDS500,GWC,235098,321,481,0.051751,OK
BSDS500,GWC,238025,481,321,0.053545,OK
BSDS500,GWC,243095,481,321,0.054157,OK
BSDS500,GWC,246009,481,321,0.052711,OK
BSDS500,GWC,247003,321,481,0.053700,OK
BSDS500,GWC,247012,321,481,0.056248,OK
BSDS500,GWC,249021,481,321,0.053098,OK
BSDS500,GWC,250047,481,321,0.053575,OK
BSDS500,GWC,250087,481,321,0.054186,OK
BSDS500,GWC,253016,321,481,0.053552,OK
BSDS500,GWC,253092,481,321,0.063292,OK
BSDS500,GWC,257098,481,321,0.053494,OK
BSDS500,GWC,258089,321,481,0.052428,OK
BSDS500,GWC,259060,481,321,0.054353,OK
BSDS500,GWC,267036,481,321,0.055832,OK
BSDS500,GWC,268048,321,481,0.052480,OK
BSDS500,GWC,268074,481,321,0.054255,OK
BSDS500,GWC,277053,321,481,0.054803,OK
BSDS500,GWC,279005,481,321,0.058158,OK
BSDS500,GWC,28083,321,481,0.058679,OK
BSDS500,GWC,281017,481,321,0.054509,OK
BSDS500,GWC,285022,321,481,0.052394,OK
BSDS500,GWC,288024,321,481,0.052618,OK
BSDS500,GWC,289011,481,321,0.051128,OK
BSDS500,GWC,290035,321,481,0.052957,OK
BSDS500,GWC,29030,321,481,0.051625,OK
BSDS500,GWC,296028,321,481,0.054147,OK
BSDS500,GWC,296058,321,481,0.051062,OK
BSDS500,GWC,302022,481,321,0.053533,OK
BSDS500,GWC,306051,481,321,0.055369,OK
BSDS500,GWC,306052,321,481,0.054156,OK
BSDS500,GWC,3063,321,481,0.052860,OK
BSDS500,GWC,309040,321,481,0.052226,OK
BSDS500,GWC,317043,321,481,0.052544,OK
BSDS500,GWC,326025,321,481,0.052253,OK
BSDS500,GWC,326085,481,321,0.055937,OK
BSDS500,GWC,33044,481,321,0.059774,OK
BSDS500,GWC,334025,481,321,0.052361,OK
BSDS500,GWC,335088,321,481,0.053751,OK
BSDS500,GWC,335094,321,481,0.053021,OK
BSDS500,GWC,344010,321,481,0.051978,OK
BSDS500,GWC,346016,321,481,0.055334,OK
BSDS500,GWC,347031,481,321,0.054478,OK
BSDS500,GWC,35028,321,481,0.056901,OK
BSDS500,GWC,35049,321,481,0.055497,OK
BSDS500,GWC,36046,321,481,0.052155,OK
BSDS500,GWC,365072,481,321,0.060086,OK
BSDS500,GWC,368037,321,481,0.056501,OK
BSDS500,GWC,372019,481,321,0.058988,OK
BSDS500,GWC,376086,321,481,0.056961,OK
BSDS500,GWC,384022,321,481,0.056678,OK
BSDS500,GWC,384089,481,321,0.053083,OK
BSDS500,GWC,385022,321,481,0.052303,OK
BSDS500,GWC,388006,481,321,0.052173,OK
BSDS500,GWC,388018,481,321,0.051915,OK
BSDS500,GWC,388067,481,321,0.054094,OK
BSDS500,GWC,393035,321,481,0.053308,OK
BSDS500,GWC,41006,321,481,0.051585,OK
BSDS500,GWC,41029,321,481,0.051927,OK
BSDS500,GWC,41085,321,481,0.056223,OK
BSDS500,GWC,41096,321,481,0.057487,OK
BSDS500,GWC,43033,321,481,0.062420,OK
BSDS500,GWC,43051,321,481,0.064706,OK
BSDS500,GWC,45000,321,481,0.074530,OK
BSDS500,GWC,48017,321,481,0.062142,OK
BSDS500,GWC,48025,321,481,0.063852,OK
BSDS500,GWC,49024,321,481,0.059458,OK
BSDS500,GWC,5096,321,481,0.057803,OK
BSDS500,GWC,51084,321,481,0.057091,OK
BSDS500,GWC,6046,481,321,0.058494,OK
BSDS500,GWC,61034,481,321,0.058751,OK
BSDS500,GWC,64061,481,321,0.059171,OK
BSDS500,GWC,65084,481,321,0.060732,OK
BSDS500,GWC,69000,321,481,0.059133,OK
BSDS500,GWC,69007,321,481,0.056528,OK
BSDS500,GWC,69022,321,481,0.053765,OK
BSDS500,GWC,70011,321,481,0.056242,OK
BSDS500,GWC,70090,481,321,0.057280,OK
BSDS500,GWC,71076,481,321,0.056795,OK
BSDS500,GWC,71099,321,481,0.057441,OK
BSDS500,GWC,77062,321,481,0.056156,OK
BSDS500,GWC,78098,321,481,0.058890,OK
BSDS500,GWC,79073,321,481,0.057097,OK
BSDS500,GWC,80085,321,481,0.057596,OK
BSDS500,GWC,80090,481,321,0.056502,OK
BSDS500,GWC,8068,321,481,0.058671,OK
BSDS500,GWC,81066,321,481,0.058153,OK
BSDS500,GWC,81090,481,321,0.057537,OK
BSDS500,GWC,81095,321,481,0.057009,OK
BSDS500,GWC,87015,321,481,0.059166,OK
BSDS500,GWC,92014,321,481,0.056705,OK
BSDS500,GWC,94095,321,481,0.057118,OK
BSDS500,GWC,97010,321,481,0.059018,OK
BSDS500,Canny,100007,321,481,0.009023,OK
BSDS500,Canny,100039,321,481,0.002415,OK
BSDS500,Canny,100099,321,481,0.000789,OK
BSDS500,Canny,10081,321,481,0.000841,OK
BSDS500,Canny,101027,321,481,0.001887,OK
BSDS500,Canny,101084,481,321,0.002163,OK
BSDS500,Canny,102062,321,481,0.002083,OK
BSDS500,Canny,103006,321,481,0.001684,OK
BSDS500,Canny,103029,321,481,0.001238,OK
BSDS500,Canny,103078,321,481,0.001541,OK
BSDS500,Canny,104010,481,321,0.002094,OK
BSDS500,Canny,104055,481,321,0.000969,OK
BSDS500,Canny,105027,321,481,0.001246,OK
BSDS500,Canny,106005,321,481,0.001058,OK
BSDS500,Canny,106047,321,481,0.001260,OK
BSDS500,Canny,107014,321,481,0.001288,OK
BSDS500,Canny,107045,321,481,0.001671,OK
BSDS500,Canny,107072,321,481,0.001624,OK
BSDS500,Canny,108004,321,481,0.002357,OK
BSDS500,Canny,108036,321,481,0.002093,OK
BSDS500,Canny,108069,321,481,0.002104,OK
BSDS500,Canny,109055,321,481,0.001984,OK
BSDS500,Canny,112056,321,481,0.000916,OK
BSDS500,Canny,112090,321,481,0.001709,OK
BSDS500,Canny,117025,481,321,0.001288,OK
BSDS500,Canny,118015,321,481,0.001436,OK
BSDS500,Canny,118031,321,481,0.001360,OK
BSDS500,Canny,118072,321,481,0.001460,OK
BSDS500,Canny,120003,321,481,0.000954,OK
BSDS500,Canny,120093,321,481,0.001510,OK
BSDS500,Canny,123057,321,481,0.001252,OK
BSDS500,Canny,128035,321,481,0.001169,OK
BSDS500,Canny,130014,481,321,0.001348,OK
BSDS500,Canny,130066,321,481,0.001386,OK
BSDS500,Canny,134049,321,481,0.002176,OK
BSDS500,Canny,134067,481,321,0.002265,OK
BSDS500,Canny,140006,481,321,0.001078,OK
BSDS500,Canny,140088,481,321,0.000917,OK
BSDS500,Canny,14085,321,481,0.001385,OK
BSDS500,Canny,14092,321,481,0.001725,OK
BSDS500,Canny,141012,321,481,0.002371,OK
BSDS500,Canny,141048,321,481,0.002001,OK
BSDS500,Canny,145059,321,481,0.001640,OK
BSDS500,Canny,145079,321,481,0.002192,OK
BSDS500,Canny,146074,321,481,0.001241,OK
BSDS500,Canny,147077,481,321,0.001947,OK
BSDS500,Canny,147080,321,481,0.001241,OK
BSDS500,Canny,15011,321,481,0.001082,OK
BSDS500,Canny,15062,321,481,0.001720,OK
BSDS500,Canny,156054,481,321,0.001517,OK
BSDS500,Canny,157032,321,481,0.000740,OK
BSDS500,Canny,157087,321,481,0.001254,OK
BSDS500,Canny,159002,481,321,0.001464,OK
BSDS500,Canny,159022,321,481,0.001530,OK
BSDS500,Canny,160006,321,481,0.001194,OK
BSDS500,Canny,16004,321,481,0.001263,OK
BSDS500,Canny,160067,321,481,0.001147,OK
BSDS500,Canny,16068,321,481,0.001606,OK
BSDS500,Canny,161045,321,481,0.001328,OK
BSDS500,Canny,163004,481,321,0.001507,OK
BSDS500,Canny,163096,481,321,0.001825,OK
BSDS500,Canny,164046,481,321,0.001196,OK
BSDS500,Canny,168084,321,481,0.000954,OK
BSDS500,Canny,17067,481,321,0.001591,OK
BSDS500,Canny,175083,321,481,0.001701,OK
BSDS500,Canny,176051,321,481,0.001124,OK
BSDS500,Canny,179084,321,481,0.000796,OK
BSDS500,Canny,181021,481,321,0.000995,OK
BSDS500,Canny,183066,321,481,0.000988,OK
BSDS500,Canny,185092,321,481,0.000996,OK
BSDS500,Canny,187058,321,481,0.002143,OK
BSDS500,Canny,187099,321,481,0.002132,OK
BSDS500,Canny,188025,321,481,0.001026,OK
BSDS500,Canny,189006,481,321,0.001194,OK
BSDS500,Canny,189013,481,321,0.001107,OK
BSDS500,Canny,189029,481,321,0.001184,OK
BSDS500,Canny,189096,321,481,0.001921,OK
BSDS500,Canny,196027,481,321,0.000733,OK
BSDS500,Canny,196040,481,321,0.002492,OK
BSDS500,Canny,196062,321,481,0.001002,OK
BSDS500,Canny,196088,321,481,0.002515,OK
BSDS500,Canny,198087,481,321,0.001057,OK
BSDS500,Canny,20069,481,321,0.000890,OK
BSDS500,Canny,201080,321,481,0.000813,OK
BSDS500,Canny,2018,481,321,0.001152,OK
BSDS500,Canny,202000,321,481,0.001479,OK
BSDS500,Canny,206062,321,481,0.001199,OK
BSDS500,Canny,206097,321,481,0.001037,OK
BSDS500,Canny,207038,321,481,0.001678,OK
BSDS500,Canny,207049,321,481,0.002553,OK
BSDS500,Canny,208078,321,481,0.001469,OK
BSDS500,Canny,209021,321,481,0.001591,OK
BSDS500,Canny,217013,481,321,0.001220,OK
BSDS500,Canny,217090,321,481,0.001915,OK
BSDS500,Canny,220003,321,481,0.001787,OK
BSDS500,Canny,223004,481,321,0.001175,OK
BSDS500,Canny,223060,321,481,0.001384,OK
BSDS500,Canny,225022,481,321,0.000946,OK
BSDS500,Canny,226022,321,481,0.001084,OK
BSDS500,Canny,226033,321,481,0.001662,OK
BSDS500,Canny,226043,481,321,0.001367,OK
BSDS500,Canny,226060,481,321,0.000954,OK
BSDS500,Canny,228076,321,481,0.001111,OK
BSDS500,Canny,230063,481,321,0.001220,OK
BSDS500,Canny,230098,481,321,0.001167,OK
BSDS500,Canny,23050,481,321,0.001424,OK
BSDS500,Canny,232076,321,481,0.001267,OK
BSDS500,Canny,235098,321,481,0.001435,OK
BSDS500,Canny,238025,481,321,0.000947,OK
BSDS500,Canny,243095,481,321,0.000983,OK
BSDS500,Canny,246009,481,321,0.001009,OK
BSDS500,Canny,247003,321,481,0.001397,OK
BSDS500,Canny,247012,321,481,0.001244,OK
BSDS500,Canny,249021,481,321,0.000852,OK
BSDS500,Canny,250047,481,321,0.001180,OK
BSDS500,Canny,250087,481,321,0.000813,OK
BSDS500,Canny,253016,321,481,0.001378,OK
BSDS500,Canny,253092,481,321,0.001223,OK
BSDS500,Canny,257098,481,321,0.000717,OK
BSDS500,Canny,258089,321,481,0.001387,OK
BSDS500,Canny,259060,481,321,0.001675,OK
BSDS500,Canny,267036,481,321,0.001245,OK
BSDS500,Canny,268048,321,481,0.001629,OK
BSDS500,Canny,268074,481,321,0.002097,OK
BSDS500,Canny,277053,321,481,0.001725,OK
BSDS500,Canny,279005,481,321,0.000870,OK
BSDS500,Canny,28083,321,481,0.001086,OK
BSDS500,Canny,281017,481,321,0.001150,OK
BSDS500,Canny,285022,321,481,0.001112,OK
BSDS500,Canny,288024,321,481,0.001233,OK
BSDS500,Canny,289011,481,321,0.001173,OK
BSDS500,Canny,290035,321,481,0.001309,OK
BSDS500,Canny,29030,321,481,0.001023,OK
BSDS500,Canny,296028,321,481,0.001181,OK
BSDS500,Canny,296058,321,481,0.002333,OK
BSDS500,Canny,302022,481,321,0.001372,OK
BSDS500,Canny,306051,481,321,0.001658,OK
BSDS500,Canny,306052,321,481,0.001472,OK
BSDS500,Canny,3063,321,481,0.000701,OK
BSDS500,Canny,309040,321,481,0.001460,OK
BSDS500,Canny,317043,321,481,0.001948,OK
BSDS500,Canny,326025,321,481,0.001749,OK
BSDS500,Canny,326085,481,321,0.001567,OK
BSDS500,Canny,33044,481,321,0.001749,OK
BSDS500,Canny,334025,481,321,0.001481,OK
BSDS500,Canny,335088,321,481,0.001711,OK
BSDS500,Canny,335094,321,481,0.001520,OK
BSDS500,Canny,344010,321,481,0.001195,OK
BSDS500,Canny,346016,321,481,0.002535,OK
BSDS500,Canny,347031,481,321,0.001100,OK
BSDS500,Canny,35028,321,481,0.001216,OK
BSDS500,Canny,35049,321,481,0.001045,OK
BSDS500,Canny,36046,321,481,0.001077,OK
BSDS500,Canny,365072,481,321,0.001493,OK
BSDS500,Canny,368037,321,481,0.001070,OK
BSDS500,Canny,372019,481,321,0.001024,OK
BSDS500,Canny,376086,321,481,0.001853,OK
BSDS500,Canny,384022,321,481,0.001221,OK
BSDS500,Canny,384089,481,321,0.001312,OK
BSDS500,Canny,385022,321,481,0.001965,OK
BSDS500,Canny,388006,481,321,0.000909,OK
BSDS500,Canny,388018,481,321,0.001273,OK
BSDS500,Canny,388067,481,321,0.001097,OK
BSDS500,Canny,393035,321,481,0.000900,OK
BSDS500,Canny,41006,321,481,0.000643,OK
BSDS500,Canny,41029,321,481,0.001017,OK
BSDS500,Canny,41085,321,481,0.001709,OK
BSDS500,Canny,41096,321,481,0.001499,OK
BSDS500,Canny,43033,321,481,0.001590,OK
BSDS500,Canny,43051,321,481,0.000980,OK
BSDS500,Canny,45000,321,481,0.002190,OK
BSDS500,Canny,48017,321,481,0.001431,OK
BSDS500,Canny,48025,321,481,0.001050,OK
BSDS500,Canny,49024,321,481,0.000782,OK
BSDS500,Canny,5096,321,481,0.001548,OK
BSDS500,Canny,51084,321,481,0.001570,OK
BSDS500,Canny,6046,481,321,0.001775,OK
BSDS500,Canny,61034,481,321,0.001446,OK
BSDS500,Canny,64061,481,321,0.000683,OK
BSDS500,Canny,65084,481,321,0.001091,OK
BSDS500,Canny,69000,321,481,0.001616,OK
BSDS500,Canny,69007,321,481,0.001192,OK
BSDS500,Canny,69022,321,481,0.001459,OK
BSDS500,Canny,70011,321,481,0.000833,OK
BSDS500,Canny,70090,481,321,0.001651,OK
BSDS500,Canny,71076,481,321,0.001192,OK
BSDS500,Canny,71099,321,481,0.001746,OK
BSDS500,Canny,77062,321,481,0.001627,OK
BSDS500,Canny,78098,321,481,0.001976,OK
BSDS500,Canny,79073,321,481,0.002274,OK
BSDS500,Canny,80085,321,481,0.001130,OK
BSDS500,Canny,80090,481,321,0.001512,OK
BSDS500,Canny,8068,321,481,0.001139,OK
BSDS500,Canny,81066,321,481,0.001107,OK
BSDS500,Canny,81090,481,321,0.001662,OK
BSDS500,Canny,81095,321,481,0.001045,OK
BSDS500,Canny,87015,321,481,0.001676,OK
BSDS500,Canny,92014,321,481,0.001186,OK
BSDS500,Canny,94095,321,481,0.001842,OK
BSDS500,Canny,97010,321,481,0.001519,OK
BSDS500,Sobel,100007,321,481,0.001563,OK
BSDS500,Sobel,100039,321,481,0.001776,OK
BSDS500,Sobel,100099,321,481,0.001743,OK
BSDS500,Sobel,10081,321,481,0.001610,OK
BSDS500,Sobel,101027,321,481,0.001495,OK
BSDS500,Sobel,101084,481,321,0.001561,OK
BSDS500,Sobel,102062,321,481,0.001551,OK
BSDS500,Sobel,103006,321,481,0.001682,OK
BSDS500,Sobel,103029,321,481,0.001550,OK
BSDS500,Sobel,103078,321,481,0.001527,OK
BSDS500,Sobel,104010,481,321,0.001538,OK
BSDS500,Sobel,104055,481,321,0.001602,OK
BSDS500,Sobel,105027,321,481,0.001584,OK
BSDS500,Sobel,106005,321,481,0.001593,OK
BSDS500,Sobel,106047,321,481,0.001549,OK
BSDS500,Sobel,107014,321,481,0.001493,OK
BSDS500,Sobel,107045,321,481,0.001596,OK
BSDS500,Sobel,107072,321,481,0.001522,OK
BSDS500,Sobel,108004,321,481,0.001555,OK
BSDS500,Sobel,108036,321,481,0.001572,OK
BSDS500,Sobel,108069,321,481,0.001578,OK
BSDS500,Sobel,109055,321,481,0.001617,OK
BSDS500,Sobel,112056,321,481,0.001726,OK
BSDS500,Sobel,112090,321,481,0.001600,OK
BSDS500,Sobel,117025,481,321,0.001528,OK
BSDS500,Sobel,118015,321,481,0.001583,OK
BSDS500,Sobel,118031,321,481,0.001616,OK
BSDS500,Sobel,118072,321,481,0.001597,OK
BSDS500,Sobel,120003,321,481,0.001651,OK
BSDS500,Sobel,120093,321,481,0.001604,OK
BSDS500,Sobel,123057,321,481,0.001700,OK
BSDS500,Sobel,128035,321,481,0.001700,OK
BSDS500,Sobel,130014,481,321,0.001632,OK
BSDS500,Sobel,130066,321,481,0.001709,OK
BSDS500,Sobel,134049,321,481,0.001778,OK
BSDS500,Sobel,134067,481,321,0.001643,OK
BSDS500,Sobel,140006,481,321,0.001610,OK
BSDS500,Sobel,140088,481,321,0.001683,OK
BSDS500,Sobel,14085,321,481,0.002504,OK
BSDS500,Sobel,14092,321,481,0.001587,OK
BSDS500,Sobel,141012,321,481,0.001739,OK
BSDS500,Sobel,141048,321,481,0.001752,OK
BSDS500,Sobel,145059,321,481,0.001600,OK
BSDS500,Sobel,145079,321,481,0.001635,OK
BSDS500,Sobel,146074,321,481,0.001527,OK
BSDS500,Sobel,147077,481,321,0.001762,OK
BSDS500,Sobel,147080,321,481,0.002039,OK
BSDS500,Sobel,15011,321,481,0.001634,OK
BSDS500,Sobel,15062,321,481,0.001718,OK
BSDS500,Sobel,156054,481,321,0.001715,OK
BSDS500,Sobel,157032,321,481,0.001799,OK
BSDS500,Sobel,157087,321,481,0.001548,OK
BSDS500,Sobel,159002,481,321,0.001632,OK
BSDS500,Sobel,159022,321,481,0.001658,OK
BSDS500,Sobel,160006,321,481,0.001551,OK
BSDS500,Sobel,16004,321,481,0.001658,OK
BSDS500,Sobel,160067,321,481,0.001696,OK
BSDS500,Sobel,16068,321,481,0.001705,OK
BSDS500,Sobel,161045,321,481,0.001735,OK
BSDS500,Sobel,163004,481,321,0.001730,OK
BSDS500,Sobel,163096,481,321,0.001786,OK
BSDS500,Sobel,164046,481,321,0.001743,OK
BSDS500,Sobel,168084,321,481,0.001616,OK
BSDS500,Sobel,17067,481,321,0.001520,OK
BSDS500,Sobel,175083,321,481,0.001986,OK
BSDS500,Sobel,176051,321,481,0.001586,OK
BSDS500,Sobel,179084,321,481,0.001897,OK
BSDS500,Sobel,181021,481,321,0.001762,OK
BSDS500,Sobel,183066,321,481,0.001846,OK
BSDS500,Sobel,185092,321,481,0.001569,OK
BSDS500,Sobel,187058,321,481,0.001500,OK
BSDS500,Sobel,187099,321,481,0.001620,OK
BSDS500,Sobel,188025,321,481,0.001511,OK
BSDS500,Sobel,189006,481,321,0.001559,OK
BSDS500,Sobel,189013,481,321,0.001692,OK
BSDS500,Sobel,189029,481,321,0.001552,OK
BSDS500,Sobel,189096,321,481,0.001637,OK
BSDS500,Sobel,196027,481,321,0.001522,OK
BSDS500,Sobel,196040,481,321,0.001670,OK
BSDS500,Sobel,196062,321,481,0.001644,OK
BSDS500,Sobel,196088,321,481,0.001684,OK
BSDS500,Sobel,198087,481,321,0.001723,OK
BSDS500,Sobel,20069,481,321,0.001614,OK
BSDS500,Sobel,201080,321,481,0.001775,OK
BSDS500,Sobel,2018,481,321,0.001573,OK
BSDS500,Sobel,202000,321,481,0.001597,OK
BSDS500,Sobel,206062,321,481,0.001956,OK
BSDS500,Sobel,206097,321,481,0.001611,OK
BSDS500,Sobel,207038,321,481,0.001550,OK
BSDS500,Sobel,207049,321,481,0.001680,OK
BSDS500,Sobel,208078,321,481,0.001570,OK
BSDS500,Sobel,209021,321,481,0.001479,OK
BSDS500,Sobel,217013,481,321,0.001497,OK
BSDS500,Sobel,217090,321,481,0.001558,OK
BSDS500,Sobel,220003,321,481,0.001587,OK
BSDS500,Sobel,223004,481,321,0.001614,OK
BSDS500,Sobel,223060,321,481,0.001574,OK
BSDS500,Sobel,225022,481,321,0.001590,OK
BSDS500,Sobel,226022,321,481,0.001698,OK
BSDS500,Sobel,226033,321,481,0.001549,OK
BSDS500,Sobel,226043,481,321,0.001574,OK
BSDS500,Sobel,226060,481,321,0.002121,OK
BSDS500,Sobel,228076,321,481,0.001575,OK
BSDS500,Sobel,230063,481,321,0.001573,OK
BSDS500,Sobel,230098,481,321,0.001621,OK
BSDS500,Sobel,23050,481,321,0.001607,OK
BSDS500,Sobel,232076,321,481,0.001559,OK
BSDS500,Sobel,235098,321,481,0.001674,OK
BSDS500,Sobel,238025,481,321,0.001613,OK
BSDS500,Sobel,243095,481,321,0.001781,OK
BSDS500,Sobel,246009,481,321,0.002054,OK
BSDS500,Sobel,247003,321,481,0.002056,OK
BSDS500,Sobel,247012,321,481,0.001602,OK
BSDS500,Sobel,249021,481,321,0.001695,OK
BSDS500,Sobel,250047,481,321,0.001778,OK
BSDS500,Sobel,250087,481,321,0.001771,OK
BSDS500,Sobel,253016,321,481,0.001782,OK
BSDS500,Sobel,253092,481,321,0.001616,OK
BSDS500,Sobel,257098,481,321,0.001820,OK
BSDS500,Sobel,258089,321,481,0.001580,OK
BSDS500,Sobel,259060,481,321,0.001572,OK
BSDS500,Sobel,267036,481,321,0.001599,OK
BSDS500,Sobel,268048,321,481,0.001834,OK
BSDS500,Sobel,268074,481,321,0.001528,OK
BSDS500,Sobel,277053,321,481,0.001632,OK
BSDS500,Sobel,279005,481,321,0.001517,OK
BSDS500,Sobel,28083,321,481,0.001656,OK
BSDS500,Sobel,281017,481,321,0.001688,OK
BSDS500,Sobel,285022,321,481,0.001660,OK
BSDS500,Sobel,288024,321,481,0.001722,OK
BSDS500,Sobel,289011,481,321,0.001707,OK
BSDS500,Sobel,290035,321,481,0.001650,OK
BSDS500,Sobel,29030,321,481,0.001526,OK
BSDS500,Sobel,296028,321,481,0.001548,OK
BSDS500,Sobel,296058,321,481,0.001643,OK
BSDS500,Sobel,302022,481,321,0.001530,OK
BSDS500,Sobel,306051,481,321,0.001875,OK
BSDS500,Sobel,306052,321,481,0.001674,OK
BSDS500,Sobel,3063,321,481,0.001705,OK
BSDS500,Sobel,309040,321,481,0.001750,OK
BSDS500,Sobel,317043,321,481,0.001738,OK
BSDS500,Sobel,326025,321,481,0.001864,OK
BSDS500,Sobel,326085,481,321,0.002445,OK
BSDS500,Sobel,33044,481,321,0.001533,OK
BSDS500,Sobel,334025,481,321,0.001690,OK
BSDS500,Sobel,335088,321,481,0.001549,OK
BSDS500,Sobel,335094,321,481,0.001567,OK
BSDS500,Sobel,344010,321,481,0.001640,OK
BSDS500,Sobel,346016,321,481,0.001561,OK
BSDS500,Sobel,347031,481,321,0.001657,OK
BSDS500,Sobel,35028,321,481,0.002010,OK
BSDS500,Sobel,35049,321,481,0.001588,OK
BSDS500,Sobel,36046,321,481,0.001653,OK
BSDS500,Sobel,365072,481,321,0.001572,OK
BSDS500,Sobel,368037,321,481,0.001654,OK
BSDS500,Sobel,372019,481,321,0.001793,OK
BSDS500,Sobel,376086,321,481,0.001579,OK
BSDS500,Sobel,384022,321,481,0.001783,OK
BSDS500,Sobel,384089,481,321,0.001591,OK
BSDS500,Sobel,385022,321,481,0.001531,OK
BSDS500,Sobel,388006,481,321,0.001616,OK
BSDS500,Sobel,388018,481,321,0.001712,OK
BSDS500,Sobel,388067,481,321,0.001698,OK
BSDS500,Sobel,393035,321,481,0.001718,OK
BSDS500,Sobel,41006,321,481,0.001536,OK
BSDS500,Sobel,41029,321,481,0.001491,OK
BSDS500,Sobel,41085,321,481,0.001620,OK
BSDS500,Sobel,41096,321,481,0.001600,OK
BSDS500,Sobel,43033,321,481,0.001470,OK
BSDS500,Sobel,43051,321,481,0.001587,OK
BSDS500,Sobel,45000,321,481,0.001637,OK
BSDS500,Sobel,48017,321,481,0.001534,OK
BSDS500,Sobel,48025,321,481,0.001515,OK
BSDS500,Sobel,49024,321,481,0.001614,OK
BSDS500,Sobel,5096,321,481,0.001740,OK
BSDS500,Sobel,51084,321,481,0.001516,OK
BSDS500,Sobel,6046,481,321,0.001700,OK
BSDS500,Sobel,61034,481,321,0.001712,OK
BSDS500,Sobel,64061,481,321,0.001592,OK
BSDS500,Sobel,65084,481,321,0.001776,OK
BSDS500,Sobel,69000,321,481,0.001773,OK
BSDS500,Sobel,69007,321,481,0.001654,OK
BSDS500,Sobel,69022,321,481,0.001763,OK
BSDS500,Sobel,70011,321,481,0.001753,OK
BSDS500,Sobel,70090,481,321,0.001773,OK
BSDS500,Sobel,71076,481,321,0.001690,OK
BSDS500,Sobel,71099,321,481,0.001704,OK
BSDS500,Sobel,77062,321,481,0.001724,OK
BSDS500,Sobel,78098,321,481,0.001667,OK
BSDS500,Sobel,79073,321,481,0.001787,OK
BSDS500,Sobel,80085,321,481,0.001687,OK
BSDS500,Sobel,80090,481,321,0.001647,OK
BSDS500,Sobel,8068,321,481,0.001702,OK
BSDS500,Sobel,81066,321,481,0.001715,OK
BSDS500,Sobel,81090,481,321,0.001682,OK
BSDS500,Sobel,81095,321,481,0.001714,OK
BSDS500,Sobel,87015,321,481,0.001743,OK
BSDS500,Sobel,92014,321,481,0.001791,OK
BSDS500,Sobel,94095,321,481,0.001734,OK
BSDS500,Sobel,97010,321,481,0.001714,OK
BSDS500,PC,100007,321,481,0.425356,OK
BSDS500,PC,100039,321,481,0.411333,OK
BSDS500,PC,100099,321,481,0.413283,OK
BSDS500,PC,10081,321,481,0.406385,OK
BSDS500,PC,101027,321,481,0.416012,OK
BSDS500,PC,101084,481,321,0.411738,OK
BSDS500,PC,102062,321,481,0.407743,OK
BSDS500,PC,103006,321,481,0.404952,OK
BSDS500,PC,103029,321,481,0.408529,OK
BSDS500,PC,103078,321,481,0.403778,OK
BSDS500,PC,104010,481,321,0.414974,OK
BSDS500,PC,104055,481,321,0.413377,OK
BSDS500,PC,105027,321,481,0.416844,OK
BSDS500,PC,106005,321,481,0.411572,OK
BSDS500,PC,106047,321,481,0.405144,OK
BSDS500,PC,107014,321,481,0.407837,OK
BSDS500,PC,107045,321,481,0.407066,OK
BSDS500,PC,107072,321,481,0.403873,OK
BSDS500,PC,108004,321,481,0.408353,OK
BSDS500,PC,108036,321,481,0.406101,OK
BSDS500,PC,108069,321,481,0.404950,OK
BSDS500,PC,109055,321,481,0.410169,OK
BSDS500,PC,112056,321,481,0.412098,OK
BSDS500,PC,112090,321,481,0.418518,OK
BSDS500,PC,117025,481,321,0.407592,OK
BSDS500,PC,118015,321,481,0.421991,OK
BSDS500,PC,118031,321,481,0.430378,OK
BSDS500,PC,118072,321,481,0.415927,OK
BSDS500,PC,120003,321,481,0.430765,OK
BSDS500,PC,120093,321,481,0.406601,OK
BSDS500,PC,123057,321,481,0.413312,OK
BSDS500,PC,128035,321,481,0.407554,OK
BSDS500,PC,130014,481,321,0.408253,OK
BSDS500,PC,130066,321,481,0.423499,OK
BSDS500,PC,134049,321,481,0.420006,OK
BSDS500,PC,134067,481,321,0.439908,OK
BSDS500,PC,140006,481,321,0.433696,OK
BSDS500,PC,140088,481,321,0.430192,OK
BSDS500,PC,14085,321,481,0.421917,OK
BSDS500,PC,14092,321,481,0.413549,OK
BSDS500,PC,141012,321,481,0.423203,OK
BSDS500,PC,141048,321,481,0.411157,OK
BSDS500,PC,145059,321,481,0.414704,OK
BSDS500,PC,145079,321,481,0.421198,OK
BSDS500,PC,146074,321,481,0.418483,OK
BSDS500,PC,147077,481,321,0.418022,OK
BSDS500,PC,147080,321,481,0.417593,OK
BSDS500,PC,15011,321,481,0.414227,OK
BSDS500,PC,15062,321,481,0.433263,OK
BSDS500,PC,156054,481,321,0.436118,OK
BSDS500,PC,157032,321,481,0.406091,OK
BSDS500,PC,157087,321,481,0.413165,OK
BSDS500,PC,159002,481,321,0.412661,OK
BSDS500,PC,159022,321,481,0.405617,OK
BSDS500,PC,160006,321,481,0.403282,OK
BSDS500,PC,16004,321,481,0.413077,OK
BSDS500,PC,160067,321,481,0.410484,OK
BSDS500,PC,16068,321,481,0.408570,OK
BSDS500,PC,161045,321,481,0.414553,OK
BSDS500,PC,163004,481,321,0.407599,OK
BSDS500,PC,163096,481,321,0.412426,OK
BSDS500,PC,164046,481,321,0.408745,OK
BSDS500,PC,168084,321,481,0.406901,OK
BSDS500,PC,17067,481,321,0.411388,OK
BSDS500,PC,175083,321,481,0.406796,OK
BSDS500,PC,176051,321,481,0.408722,OK
BSDS500,PC,179084,321,481,0.403493,OK
BSDS500,PC,181021,481,321,0.405047,OK
BSDS500,PC,183066,321,481,0.404879,OK
BSDS500,PC,185092,321,481,0.402860,OK
BSDS500,PC,187058,321,481,0.413538,OK
BSDS500,PC,187099,321,481,0.411203,OK
BSDS500,PC,188025,321,481,0.411518,OK
BSDS500,PC,189006,481,321,0.408425,OK
BSDS500,PC,189013,481,321,0.411085,OK
BSDS500,PC,189029,481,321,0.414038,OK
BSDS500,PC,189096,321,481,0.407401,OK
BSDS500,PC,196027,481,321,0.414848,OK
BSDS500,PC,196040,481,321,0.410807,OK
BSDS500,PC,196062,321,481,0.407540,OK
BSDS500,PC,196088,321,481,0.406963,OK
BSDS500,PC,198087,481,321,0.406560,OK
BSDS500,PC,20069,481,321,0.409223,OK
BSDS500,PC,201080,321,481,0.404506,OK
BSDS500,PC,2018,481,321,0.410166,OK
BSDS500,PC,202000,321,481,0.405483,OK
BSDS500,PC,206062,321,481,0.406512,OK
BSDS500,PC,206097,321,481,0.411047,OK
BSDS500,PC,207038,321,481,0.404879,OK
BSDS500,PC,207049,321,481,0.405109,OK
BSDS500,PC,208078,321,481,0.405490,OK
BSDS500,PC,209021,321,481,0.407216,OK
BSDS500,PC,217013,481,321,0.406723,OK
BSDS500,PC,217090,321,481,0.406690,OK
BSDS500,PC,220003,321,481,0.408032,OK
BSDS500,PC,223004,481,321,0.407752,OK
BSDS500,PC,223060,321,481,0.407432,OK
BSDS500,PC,225022,481,321,0.407422,OK
BSDS500,PC,226022,321,481,0.404775,OK
BSDS500,PC,226033,321,481,0.405100,OK
BSDS500,PC,226043,481,321,0.407148,OK
BSDS500,PC,226060,481,321,0.405879,OK
BSDS500,PC,228076,321,481,0.406699,OK
BSDS500,PC,230063,481,321,0.407625,OK
BSDS500,PC,230098,481,321,0.408464,OK
BSDS500,PC,23050,481,321,0.408296,OK
BSDS500,PC,232076,321,481,0.405472,OK
BSDS500,PC,235098,321,481,0.403190,OK
BSDS500,PC,238025,481,321,0.415112,OK
BSDS500,PC,243095,481,321,0.405439,OK
BSDS500,PC,246009,481,321,0.413533,OK
BSDS500,PC,247003,321,481,0.416706,OK
BSDS500,PC,247012,321,481,0.402799,OK
BSDS500,PC,249021,481,321,0.408105,OK
BSDS500,PC,250047,481,321,0.413611,OK
BSDS500,PC,250087,481,321,0.408372,OK
BSDS500,PC,253016,321,481,0.415694,OK
BSDS500,PC,253092,481,321,0.411721,OK
BSDS500,PC,257098,481,321,0.410713,OK
BSDS500,PC,258089,321,481,0.405918,OK
BSDS500,PC,259060,481,321,0.408792,OK
BSDS500,PC,267036,481,321,0.408515,OK
BSDS500,PC,268048,321,481,0.416569,OK
BSDS500,PC,268074,481,321,0.420539,OK
BSDS500,PC,277053,321,481,0.415692,OK
BSDS500,PC,279005,481,321,0.409781,OK
BSDS500,PC,28083,321,481,0.407649,OK
BSDS500,PC,281017,481,321,0.409741,OK
BSDS500,PC,285022,321,481,0.406165,OK
BSDS500,PC,288024,321,481,0.406501,OK
BSDS500,PC,289011,481,321,0.406795,OK
BSDS500,PC,290035,321,481,0.405873,OK
BSDS500,PC,29030,321,481,0.402081,OK
BSDS500,PC,296028,321,481,0.409706,OK
BSDS500,PC,296058,321,481,0.411700,OK
BSDS500,PC,302022,481,321,0.406614,OK
BSDS500,PC,306051,481,321,0.414026,OK
BSDS500,PC,306052,321,481,0.410346,OK
BSDS500,PC,3063,321,481,0.403027,OK
BSDS500,PC,309040,321,481,0.404640,OK
BSDS500,PC,317043,321,481,0.402857,OK
BSDS500,PC,326025,321,481,0.404925,OK
BSDS500,PC,326085,481,321,0.414347,OK
BSDS500,PC,33044,481,321,0.418279,OK
BSDS500,PC,334025,481,321,0.415667,OK
BSDS500,PC,335088,321,481,0.406853,OK
BSDS500,PC,335094,321,481,0.406779,OK
BSDS500,PC,344010,321,481,0.407540,OK
BSDS500,PC,346016,321,481,0.402735,OK
BSDS500,PC,347031,481,321,0.405964,OK
BSDS500,PC,35028,321,481,0.406693,OK
BSDS500,PC,35049,321,481,0.410058,OK
BSDS500,PC,36046,321,481,0.411173,OK
BSDS500,PC,365072,481,321,0.410059,OK
BSDS500,PC,368037,321,481,0.404022,OK
BSDS500,PC,372019,481,321,0.405257,OK
BSDS500,PC,376086,321,481,0.407018,OK
BSDS500,PC,384022,321,481,0.407430,OK
BSDS500,PC,384089,481,321,0.409262,OK
BSDS500,PC,385022,321,481,0.408682,OK
BSDS500,PC,388006,481,321,0.409440,OK
BSDS500,PC,388018,481,321,0.409679,OK
BSDS500,PC,388067,481,321,0.411510,OK
BSDS500,PC,393035,321,481,0.404662,OK
BSDS500,PC,41006,321,481,0.404808,OK
BSDS500,PC,41029,321,481,0.404092,OK
BSDS500,PC,41085,321,481,0.406982,OK
BSDS500,PC,41096,321,481,0.404870,OK
BSDS500,PC,43033,321,481,0.400706,OK
BSDS500,PC,43051,321,481,0.404096,OK
BSDS500,PC,45000,321,481,0.409130,OK
BSDS500,PC,48017,321,481,0.406505,OK
BSDS500,PC,48025,321,481,0.405442,OK
BSDS500,PC,49024,321,481,0.403863,OK
BSDS500,PC,5096,321,481,0.408637,OK
BSDS500,PC,51084,321,481,0.408771,OK
BSDS500,PC,6046,481,321,0.407817,OK
BSDS500,PC,61034,481,321,0.406602,OK
BSDS500,PC,64061,481,321,0.409898,OK
BSDS500,PC,65084,481,321,0.407583,OK
BSDS500,PC,69000,321,481,0.403085,OK
BSDS500,PC,69007,321,481,0.408117,OK
BSDS500,PC,69022,321,481,0.408149,OK
BSDS500,PC,70011,321,481,0.407756,OK
BSDS500,PC,70090,481,321,0.405454,OK
BSDS500,PC,71076,481,321,0.407409,OK
BSDS500,PC,71099,321,481,0.407476,OK
BSDS500,PC,77062,321,481,0.410295,OK
BSDS500,PC,78098,321,481,0.401861,OK
BSDS500,PC,79073,321,481,0.404677,OK
BSDS500,PC,80085,321,481,0.404525,OK
BSDS500,PC,80090,481,321,0.408180,OK
BSDS500,PC,8068,321,481,0.405731,OK
BSDS500,PC,81066,321,481,0.407328,OK
BSDS500,PC,81090,481,321,0.422658,OK
BSDS500,PC,81095,321,481,0.405408,OK
BSDS500,PC,87015,321,481,0.405141,OK
BSDS500,PC,92014,321,481,0.408626,OK
BSDS500,PC,94095,321,481,0.413699,OK
BSDS500,PC,97010,321,481,0.405327,OK
UDED,AGWi,01-0843x4,339,510,0.663544,OK
UDED,AGWi,02-0868x4,339,510,0.671233,OK
UDED,AGWi,03-35028,321,481,0.610598,OK
UDED,AGWi,04-0896x4,339,510,0.664632,OK
UDED,AGWi,05-WIREFRAME-2,332,500,0.640904,OK
UDED,AGWi,06-elephant_3,512,512,1.004119,OK
UDED,AGWi,07-CITYSCAPES-2C,720,720,1.991735,OK
UDED,AGWi,08-ADE20K-1C,720,720,1.992227,OK
UDED,AGWi,09-MDBD-1C,720,720,2.067695,OK
UDED,AGWi,10-196062,321,481,0.658318,OK
UDED,AGWi,11-NYUD-2,425,560,0.980821,OK
UDED,AGWi,12-cameraman,536,536,1.181882,OK
UDED,AGWi,13-BIPED-1C,720,720,2.037264,OK
UDED,AGWi,14-comic,361,250,0.354113,OK
UDED,AGWi,15-P1020854,480,640,1.201945,OK
UDED,AGWi,16-tire,512,512,1.021970,OK
UDED,AGWi,17-1194,600,600,1.396545,OK
UDED,AGWi,18-img_5935,425,560,0.914147,OK
UDED,AGWi,19-img_6150,425,560,0.920066,OK
UDED,AGWi,20-2009_003829,334,500,0.643305,OK
UDED,AGWi,21-00065305,400,500,0.773220,OK
UDED,AGWi,22-335094,321,481,0.606225,OK
UDED,AGWi,23-img_011_SRF_2_HR,512,282,0.598669,OK
UDED,AGWi,24-2010_002838,500,423,0.815050,OK
UDED,AGWi,25-2008_002622,500,355,0.685158,OK
UDED,AGWi,26-P1020177,480,640,1.181638,OK
UDED,AGWi,27-img_5264,425,560,0.917178,OK
UDED,AGWi,28-img_043_SRF_2_HR,336,512,0.677841,OK
UDED,AGWi,29-img_5182,425,560,0.920278,OK
UDED,AGWi,30-167062,321,481,0.603327,OK
UDED,GWi,01-0843x4,339,510,0.026584,OK
UDED,GWi,02-0868x4,339,510,0.025499,OK
UDED,GWi,03-35028,321,481,0.022642,OK
UDED,GWi,04-0896x4,339,510,0.025485,OK
UDED,GWi,05-WIREFRAME-2,332,500,0.024359,OK
UDED,GWi,06-elephant_3,512,512,0.037584,OK
UDED,GWi,07-CITYSCAPES-2C,720,720,0.075661,OK
UDED,GWi,08-ADE20K-1C,720,720,0.073312,OK
UDED,GWi,09-MDBD-1C,720,720,0.072424,OK
UDED,GWi,10-196062,321,481,0.023179,OK
UDED,GWi,11-NYUD-2,425,560,0.035130,OK
UDED,GWi,12-cameraman,536,536,0.040852,OK
UDED,GWi,13-BIPED-1C,720,720,0.073675,OK
UDED,GWi,14-comic,361,250,0.013638,OK
UDED,GWi,15-P1020854,480,640,0.043767,OK
UDED,GWi,16-tire,512,512,0.037201,OK
UDED,GWi,17-1194,600,600,0.050412,OK
UDED,GWi,18-img_5935,425,560,0.034005,OK
UDED,GWi,19-img_6150,425,560,0.033916,OK
UDED,GWi,20-2009_003829,334,500,0.024180,OK
UDED,GWi,21-00065305,400,500,0.028231,OK
UDED,GWi,22-335094,321,481,0.022519,OK
UDED,GWi,23-img_011_SRF_2_HR,512,282,0.021275,OK
UDED,GWi,24-2010_002838,500,423,0.031430,OK
UDED,GWi,25-2008_002622,500,355,0.028558,OK
UDED,GWi,26-P1020177,480,640,0.044698,OK
UDED,GWi,27-img_5264,425,560,0.036212,OK
UDED,GWi,28-img_043_SRF_2_HR,336,512,0.025867,OK
UDED,GWi,29-img_5182,425,560,0.034947,OK
UDED,GWi,30-167062,321,481,0.023226,OK
UDED,GWC,01-0843x4,339,510,0.057004,OK
UDED,GWC,02-0868x4,339,510,0.056924,OK
UDED,GWC,03-35028,321,481,0.049016,OK
UDED,GWC,04-0896x4,339,510,0.055350,OK
UDED,GWC,05-WIREFRAME-2,332,500,0.051788,OK
UDED,GWC,06-elephant_3,512,512,0.080475,OK
UDED,GWC,07-CITYSCAPES-2C,720,720,0.159210,OK
UDED,GWC,08-ADE20K-1C,720,720,0.157066,OK
UDED,GWC,09-MDBD-1C,720,720,0.158702,OK
UDED,GWC,10-196062,321,481,0.047671,OK
UDED,GWC,11-NYUD-2,425,560,0.075130,OK
UDED,GWC,12-cameraman,536,536,0.088904,OK
UDED,GWC,13-BIPED-1C,720,720,0.160545,OK
UDED,GWC,14-comic,361,250,0.026284,OK
UDED,GWC,15-P1020854,480,640,0.093737,OK
UDED,GWC,16-tire,512,512,0.086052,OK
UDED,GWC,17-1194,600,600,0.118012,OK
UDED,GWC,18-img_5935,425,560,0.074876,OK
UDED,GWC,19-img_6150,425,560,0.074532,OK
UDED,GWC,20-2009_003829,334,500,0.051758,OK
UDED,GWC,21-00065305,400,500,0.061735,OK
UDED,GWC,22-335094,321,481,0.048287,OK
UDED,GWC,23-img_011_SRF_2_HR,512,282,0.046930,OK
UDED,GWC,24-2010_002838,500,423,0.066387,OK
UDED,GWC,25-2008_002622,500,355,0.056688,OK
UDED,GWC,26-P1020177,480,640,0.096469,OK
UDED,GWC,27-img_5264,425,560,0.072944,OK
UDED,GWC,28-img_043_SRF_2_HR,336,512,0.053638,OK
UDED,GWC,29-img_5182,425,560,0.080231,OK
UDED,GWC,30-167062,321,481,0.051176,OK
UDED,Canny,01-0843x4,339,510,0.000648,OK
UDED,Canny,02-0868x4,339,510,0.000680,OK
UDED,Canny,03-35028,321,481,0.001164,OK
UDED,Canny,04-0896x4,339,510,0.000835,OK
UDED,Canny,05-WIREFRAME-2,332,500,0.000925,OK
UDED,Canny,06-elephant_3,512,512,0.001266,OK
UDED,Canny,07-CITYSCAPES-2C,720,720,0.003051,OK
UDED,Canny,08-ADE20K-1C,720,720,0.002753,OK
UDED,Canny,09-MDBD-1C,720,720,0.002358,OK
UDED,Canny,10-196062,321,481,0.001120,OK
UDED,Canny,11-NYUD-2,425,560,0.001386,OK
UDED,Canny,12-cameraman,536,536,0.001295,OK
UDED,Canny,13-BIPED-1C,720,720,0.002662,OK
UDED,Canny,14-comic,361,250,0.001013,OK
UDED,Canny,15-P1020854,480,640,0.001749,OK
UDED,Canny,16-tire,512,512,0.001954,OK
UDED,Canny,17-1194,600,600,0.003719,OK
UDED,Canny,18-img_5935,425,560,0.001262,OK
UDED,Canny,19-img_6150,425,560,0.000917,OK
UDED,Canny,20-2009_003829,334,500,0.001091,OK
UDED,Canny,21-00065305,400,500,0.002195,OK
UDED,Canny,22-335094,321,481,0.001463,OK
UDED,Canny,23-img_011_SRF_2_HR,512,282,0.000932,OK
UDED,Canny,24-2010_002838,500,423,0.001509,OK
UDED,Canny,25-2008_002622,500,355,0.000807,OK
UDED,Canny,26-P1020177,480,640,0.002176,OK
UDED,Canny,27-img_5264,425,560,0.001129,OK
UDED,Canny,28-img_043_SRF_2_HR,336,512,0.001438,OK
UDED,Canny,29-img_5182,425,560,0.000925,OK
UDED,Canny,30-167062,321,481,0.001306,OK
UDED,Sobel,01-0843x4,339,510,0.001747,OK
UDED,Sobel,02-0868x4,339,510,0.001867,OK
UDED,Sobel,03-35028,321,481,0.001743,OK
UDED,Sobel,04-0896x4,339,510,0.001716,OK
UDED,Sobel,05-WIREFRAME-2,332,500,0.001644,OK
UDED,Sobel,06-elephant_3,512,512,0.002611,OK
UDED,Sobel,07-CITYSCAPES-2C,720,720,0.005086,OK
UDED,Sobel,08-ADE20K-1C,720,720,0.005275,OK
UDED,Sobel,09-MDBD-1C,720,720,0.005154,OK
UDED,Sobel,10-196062,321,481,0.001653,OK
UDED,Sobel,11-NYUD-2,425,560,0.002331,OK
UDED,Sobel,12-cameraman,536,536,0.002922,OK
UDED,Sobel,13-BIPED-1C,720,720,0.005337,OK
UDED,Sobel,14-comic,361,250,0.001034,OK
UDED,Sobel,15-P1020854,480,640,0.003024,OK
UDED,Sobel,16-tire,512,512,0.002484,OK
UDED,Sobel,17-1194,600,600,0.003722,OK
UDED,Sobel,18-img_5935,425,560,0.002268,OK
UDED,Sobel,19-img_6150,425,560,0.002332,OK
UDED,Sobel,20-2009_003829,334,500,0.001731,OK
UDED,Sobel,21-00065305,400,500,0.002055,OK
UDED,Sobel,22-335094,321,481,0.001770,OK
UDED,Sobel,23-img_011_SRF_2_HR,512,282,0.001521,OK
UDED,Sobel,24-2010_002838,500,423,0.002136,OK
UDED,Sobel,25-2008_002622,500,355,0.001858,OK
UDED,Sobel,26-P1020177,480,640,0.003088,OK
UDED,Sobel,27-img_5264,425,560,0.002506,OK
UDED,Sobel,28-img_043_SRF_2_HR,336,512,0.001880,OK
UDED,Sobel,29-img_5182,425,560,0.002358,OK
UDED,Sobel,30-167062,321,481,0.001658,OK
UDED,PC,01-0843x4,339,510,0.407104,OK
UDED,PC,02-0868x4,339,510,0.402616,OK
UDED,PC,03-35028,321,481,0.407820,OK
UDED,PC,04-0896x4,339,510,0.397154,OK
UDED,PC,05-WIREFRAME-2,332,500,0.374993,OK
UDED,PC,06-elephant_3,512,512,0.577783,OK
UDED,PC,07-CITYSCAPES-2C,720,720,1.094220,OK
UDED,PC,08-ADE20K-1C,720,720,1.103879,OK
UDED,PC,09-MDBD-1C,720,720,1.040618,OK
UDED,PC,10-196062,321,481,0.414248,OK
UDED,PC,11-NYUD-2,425,560,0.483570,OK
UDED,PC,12-cameraman,536,536,0.716583,OK
UDED,PC,13-BIPED-1C,720,720,1.053111,OK
UDED,PC,14-comic,361,250,0.149947,OK
UDED,PC,15-P1020854,480,640,0.617307,OK
UDED,PC,16-tire,512,512,0.575914,OK
UDED,PC,17-1194,600,600,0.710142,OK
UDED,PC,18-img_5935,425,560,0.482289,OK
UDED,PC,19-img_6150,425,560,0.478548,OK
UDED,PC,20-2009_003829,334,500,0.380904,OK
UDED,PC,21-00065305,400,500,0.381231,OK
UDED,PC,22-335094,321,481,0.407757,OK
UDED,PC,23-img_011_SRF_2_HR,512,282,0.306334,OK
UDED,PC,24-2010_002838,500,423,0.458366,OK
UDED,PC,25-2008_002622,500,355,0.411704,OK
UDED,PC,26-P1020177,480,640,0.618431,OK
UDED,PC,27-img_5264,425,560,0.495041,OK
UDED,PC,28-img_043_SRF_2_HR,336,512,0.374138,OK
UDED,PC,29-img_5182,425,560,0.482285,OK
UDED,PC,30-167062,321,481,0.409473,OK
